[
    {
        "title": "Product 1",
        "price": "$5.00",
        "ImageSrc": [
            "https://buffer.com/cdn-cgi/image/w=1000,fit=contain,q=90,f=auto/library/content/images/size/w600/2023/10/free-images.jpg",
            "https://www.scusd.edu/sites/main/files/imagecache/carousel/main-images/camera_lense_0.jpeg",
            "https://buffer.com/cdn-cgi/image/w=1000,fit=contain,q=90,f=auto/library/content/images/size/w600/2023/09/instagram-image-size.jpg"
        ],
        "quantity": 10
    },
    {
        "title": "Product 2",
        "price": "$10.00",
        "ImageSrc": [
            "https://buffer.com/cdn-cgi/image/w=1000,fit=contain,q=90,f=auto/library/content/images/size/w600/2023/09/instagram-image-size.jpg",
            "https://buffer.com/cdn-cgi/image/w=1000,fit=contain,q=90,f=auto/library/content/images/size/w600/2023/10/free-images.jpg",
            "https://www.scusd.edu/sites/main/files/imagecache/carousel/main-images/camera_lense_0.jpeg",
            "https://buffer.com/cdn-cgi/image/w=1000,fit=contain,q=90,f=auto/library/content/images/size/w600/2023/09/instagram-image-size.jpg"
        ],
        "quantity": 20
    },
    {
        "title": "Product 3",
        "price": "$15.00",
        "ImageSrc": [
            "https://www.scusd.edu/sites/main/files/imagecache/carousel/main-images/camera_lense_0.jpeg",
            "https://buffer.com/cdn-cgi/image/w=1000,fit=contain,q=90,f=auto/library/content/images/size/w600/2023/10/free-images.jpg",
            "https://www.scusd.edu/sites/main/files/imagecache/carousel/main-images/camera_lense_0.jpeg",
            "https://buffer.com/cdn-cgi/image/w=1000,fit=contain,q=90,f=auto/library/content/images/size/w600/2023/09/instagram-image-size.jpg"
        ],
        "quantity": 30
    },
    {
        "title": "Product 4",
        "price": "$20.00",
        "ImageSrc": [
            "https://buffer.com/cdn-cgi/image/w=1000,fit=contain,q=90,f=auto/library/content/images/size/w600/2023/10/free-images.jpg",
            "https://www.scusd.edu/sites/main/files/imagecache/carousel/main-images/camera_lense_0.jpeg",
            "https://buffer.com/cdn-cgi/image/w=1000,fit=contain,q=90,f=auto/library/content/images/size/w600/2023/09/instagram-image-size.jpg"
        ],
        "quantity": 40
    },
    {
        "title": "Product 5",
        "price": "$25.00",
        "ImageSrc": [
            "https://buffer.com/cdn-cgi/image/w=1000,fit=contain,q=90,f=auto/library/content/images/size/w600/2023/10/free-images.jpg",
            "https://www.scusd.edu/sites/main/files/imagecache/carousel/main-images/camera_lense_0.jpeg",
            "https://buffer.com/cdn-cgi/image/w=1000,fit=contain,q=90,f=auto/library/content/images/size/w600/2023/09/instagram-image-size.jpg"
        ],
        "quantity": 50
    },
    {
        "title": "Product 6",
        "price": "$30.00",
        "ImageSrc": [
            "https://buffer.com/cdn-cgi/image/w=1000,fit=contain,q=90,f=auto/library/content/images/size/w600/2023/10/free-images.jpg",
            "https://www.scusd.edu/sites/main/files/imagecache/carousel/main-images/camera_lense_0.jpeg",
            "https://buffer.com/cdn-cgi/image/w=1000,fit=contain,q=90,f=auto/library/content/images/size/w600/2023/09/instagram-image-size.jpg"
        ],
        "quantity": 60
    },
    {
        "title": "Product 7",
        "price": "$35.00",
        "ImageSrc": [
            "https://buffer.com/cdn-cgi/image/w=1000,fit=contain,q=90,f=auto/library/content/images/size/w600/2023/10/free-images.jpg",
            "https://www.scusd.edu/sites/main/files/imagecache/carousel/main-images/camera_lense_0.jpeg",
            "https://buffer.com/cdn-cgi/image/w=1000,fit=contain,q=90,f=auto/library/content/images/size/w600/2023/09/instagram-image-size.jpg"
        ],
        "quantity": 70
    },
    {
        "title": "Product 8",
        "price": "$40.00",
        "ImageSrc": [
            "https://buffer.com/cdn-cgi/image/w=1000,fit=contain,q=90,f=auto/library/content/images/size/w600/2023/10/free-images.jpg",
            "https://www.scusd.edu/sites/main/files/imagecache/carousel/main-images/camera_lense_0.jpeg",
            "https://buffer.com/cdn-cgi/image/w=1000,fit=contain,q=90,f=auto/library/content/images/size/w600/2023/09/instagram-image-size.jpg"
        ],
        "quantity": 80
    },
    {
        "title": "Product 9",
        "price": "$45.00",
        "ImageSrc": [
            "https://buffer.com/cdn-cgi/image/w=1000,fit=contain,q=90,f=auto/library/content/images/size/w600/2023/10/free-images.jpg",
            "https://www.scusd.edu/sites/main/files/imagecache/carousel/main-images/camera_lense_0.jpeg",
            "https://buffer.com/cdn-cgi/image/w=1000,fit=contain,q=90,f=auto/library/content/images/size/w600/2023/09/instagram-image-size.jpg"
        ],
        "quantity": 90
    },
    {
        "title": "Product 10",
        "price": "$50.00",
        "ImageSrc": [
            "https://buffer.com/cdn-cgi/image/w=1000,fit=contain,q=90,f=auto/library/content/images/size/w600/2023/10/free-images.jpg",
            "https://www.scusd.edu/sites/main/files/imagecache/carousel/main-images/camera_lense_0.jpeg",
            "https://buffer.com/cdn-cgi/image/w=1000,fit=contain,q=90,f=auto/library/content/images/size/w600/2023/09/instagram-image-size.jpg"
        ],
        "quantity": 100
    },
    {
        "title": "Product 11",
        "price": "$55.00",
        "ImageSrc": [
            "https://buffer.com/cdn-cgi/image/w=1000,fit=contain,q=90,f=auto/library/content/images/size/w600/2023/10/free-images.jpg",
            "https://www.scusd.edu/sites/main/files/imagecache/carousel/main-images/camera_lense_0.jpeg",
            "https://buffer.com/cdn-cgi/image/w=1000,fit=contain,q=90,f=auto/library/content/images/size/w600/2023/09/instagram-image-size.jpg"
        ],
        "quantity": 110
    },
    {
        "title": "Product 12",
        "price": "$60.00",
        "ImageSrc": [
            "https://buffer.com/cdn-cgi/image/w=1000,fit=contain,q=90,f=auto/library/content/images/size/w600/2023/10/free-images.jpg",
            "https://www.scusd.edu/sites/main/files/imagecache/carousel/main-images/camera_lense_0.jpeg",
            "https://buffer.com/cdn-cgi/image/w=1000,fit=contain,q=90,f=auto/library/content/images/size/w600/2023/09/instagram-image-size.jpg"
        ],
        "quantity": 120
    },
    {
        "title": "Product 13",
        "price": "$65.00",
        "ImageSrc": [
            "https://buffer.com/cdn-cgi/image/w=1000,fit=contain,q=90,f=auto/library/content/images/size/w600/2023/10/free-images.jpg",
            "https://www.scusd.edu/sites/main/files/imagecache/carousel/main-images/camera_lense_0.jpeg",
            "https://buffer.com/cdn-cgi/image/w=1000,fit=contain,q=90,f=auto/library/content/images/size/w600/2023/09/instagram-image-size.jpg"
        ],
        "quantity": 130
    },
    {
        "title": "Product 14",
        "price": "$70.00",
        "ImageSrc": [
            "https://buffer.com/cdn-cgi/image/w=1000,fit=contain,q=90,f=auto/library/content/images/size/w600/2023/10/free-images.jpg",
            "https://www.scusd.edu/sites/main/files/imagecache/carousel/main-images/camera_lense_0.jpeg",
            "https://buffer.com/cdn-cgi/image/w=1000,fit=contain,q=90,f=auto/library/content/images/size/w600/2023/09/instagram-image-size.jpg"
        ],
        "quantity": 140
    },
    {
        "title": "Product 15",
        "price": "$75.00",
        "ImageSrc": [
            "https://buffer.com/cdn-cgi/image/w=1000,fit=contain,q=90,f=auto/library/content/images/size/w600/2023/10/free-images.jpg",
            "https://www.scusd.edu/sites/main/files/imagecache/carousel/main-images/camera_lense_0.jpeg",
            "https://buffer.com/cdn-cgi/image/w=1000,fit=contain,q=90,f=auto/library/content/images/size/w600/2023/09/instagram-image-size.jpg"
        ],
        "quantity": 150
    },
    {
        "title": "Product 16",
        "price": "$80.00",
        "ImageSrc": [
            "https://buffer.com/cdn-cgi/image/w=1000,fit=contain,q=90,f=auto/library/content/images/size/w600/2023/10/free-images.jpg",
            "https://www.scusd.edu/sites/main/files/imagecache/carousel/main-images/camera_lense_0.jpeg",
            "https://buffer.com/cdn-cgi/image/w=1000,fit=contain,q=90,f=auto/library/content/images/size/w600/2023/09/instagram-image-size.jpg"
        ],
        "quantity": 160
    },
    {
        "title": "Product 17",
        "price": "$85.00",
        "ImageSrc": [
            "https://buffer.com/cdn-cgi/image/w=1000,fit=contain,q=90,f=auto/library/content/images/size/w600/2023/10/free-images.jpg",
            "https://www.scusd.edu/sites/main/files/imagecache/carousel/main-images/camera_lense_0.jpeg",
            "https://buffer.com/cdn-cgi/image/w=1000,fit=contain,q=90,f=auto/library/content/images/size/w600/2023/09/instagram-image-size.jpg"
        ],
        "quantity": 170
    },
    {
        "title": "Product 18",
        "price": "$90.00",
        "ImageSrc": [
            "https://buffer.com/cdn-cgi/image/w=1000,fit=contain,q=90,f=auto/library/content/images/size/w600/2023/10/free-images.jpg",
            "https://www.scusd.edu/sites/main/files/imagecache/carousel/main-images/camera_lense_0.jpeg",
            "https://buffer.com/cdn-cgi/image/w=1000,fit=contain,q=90,f=auto/library/content/images/size/w600/2023/09/instagram-image-size.jpg"
        ],
        "quantity": 180
    },
    {
        "title": "Product 19",
        "price": "$95.00",
        "ImageSrc": [
            "https://buffer.com/cdn-cgi/image/w=1000,fit=contain,q=90,f=auto/library/content/images/size/w600/2023/10/free-images.jpg",
            "https://www.scusd.edu/sites/main/files/imagecache/carousel/main-images/camera_lense_0.jpeg",
            "https://buffer.com/cdn-cgi/image/w=1000,fit=contain,q=90,f=auto/library/content/images/size/w600/2023/09/instagram-image-size.jpg"
        ],
        "quantity": 190
    },
    {
        "title": "Product 20",
        "price": "$100.00",
        "ImageSrc": [
            "https://buffer.com/cdn-cgi/image/w=1000,fit=contain,q=90,f=auto/library/content/images/size/w600/2023/10/free-images.jpg",
            "https://www.scusd.edu/sites/main/files/imagecache/carousel/main-images/camera_lense_0.jpeg",
            "https://buffer.com/cdn-cgi/image/w=1000,fit=contain,q=90,f=auto/library/content/images/size/w600/2023/09/instagram-image-size.jpg"
        ],
        "quantity": 200
    }
]